INSERT INTO `flight` (`flight_id`,`flight_number`, `departure_airport_iata_code`, `arrival_airport_iata_code`, `departure_date`) VALUES
                                                                                                                                      (0, 3704, 'SEA', 'KRK', '2015-02-13T06:43:36 -01:00'),
                                                                                                                                      (1, 5829, 'ANC', 'GDN', '2016-08-15T07:40:13 -02:00'),
                                                                                                                                      (2, 5172, 'LAX', 'KRK', '2015-04-16T05:45:44 -02:00'),
                                                                                                                                      (3, 8682, 'YYT', 'PPX', '2018-12-13T02:37:06 -01:00'),
                                                                                                                                      (4, 2355, 'SEA', 'GDN', '2021-01-25T08:52:48 -01:00');

INSERT INTO `baggage` (`weight`, `weight_unit`, `pieces`, `flight_id`) VALUES
                                                                                 (781, 'lb', 371, 0),
                                                                                 (660, 'kg', 498, 1),
                                                                                 (468, 'kg', 979, 2),
                                                                                 (471, 'lb', 578, 3),
                                                                                 (557, 'lb', 974, 4),
                                                                                 (961, 'lb', 565, 0),
                                                                                 (121, 'lb', 399, 1),
                                                                                 (952, 'kg', 187, 2),
                                                                                 (147, 'kg', 815, 3),
                                                                                 (616, 'kg', 76, 4),
                                                                                 (563, 'kg', 777, 0),
                                                                                 (958, 'lb', 459, 1),
                                                                                 (264, 'lb', 457, 2),
                                                                                 (914, 'lb', 663, 3),
                                                                                 (406, 'kg', 218, 4),
                                                                                 (620, 'kg', 419, 0),
                                                                                 (291, 'kg', 823, 1),
                                                                                 (483, 'lb', 467, 2),
                                                                                 (733, 'kg', 127, 3),
                                                                                 (278, 'lb', 901, 4),
                                                                                 (848, 'kg', 736, 2),
                                                                                 (764, 'lb', 224, 3),
                                                                                 (77, 'lb', 608, 4),
                                                                                 (415, 'kg', 638, 2),
                                                                                 (47, 'kg', 187, 3),
                                                                                 (818, 'lb', 67, 4),
                                                                                 (543, 'kg', 789, 3),
                                                                                 (671, 'lb', 145, 4),
                                                                                 (994, 'lb', 202, 3);


INSERT INTO `cargo` (`weight`, `weight_unit`, `pieces`, `flight_id`) VALUES
                                                                               (673, 'lb', 989, 0),
                                                                               (537, 'kg', 557, 1),
                                                                               (875, 'lb', 431, 2),
                                                                               (152, 'lb', 69, 3),
                                                                               (728, 'kg', 445, 4),
                                                                               (858, 'kg', 833, 0),
                                                                               (510, 'lb', 713, 1),
                                                                               (501, 'kg', 257, 2),
                                                                               (959, 'lb', 250, 3),
                                                                               (947, 'lb', 611, 4),
                                                                               (786, 'kg', 136, 0),
                                                                               (34, 'kg', 19, 1),
                                                                               (571, 'lb', 216, 2),
                                                                               (516, 'lb', 629, 3),
                                                                               (209, 'kg', 765, 4),
                                                                               (758, 'lb', 193, 0),
                                                                               (738, 'kg', 668, 2);